Workbook

Sheet Mode0
B1: Processes | C1: Tolerances | D1: Function | E1: AverageTime | F1: Speedup | G1: Efficiency (%) | H1: Result
B2: 1 | C2: 1e-06 | D2: 0 | E2: 1.413e-05 | F2: 1 | G2: =F2/B2 -> 1 | H2: 0.4832177
B3: 1 | C3: 1e-06 | D3: 1 | E3: 4.243e-05 | F3: 1 | G3: =F3/B3 -> 1 | H3: 0.26779452
B4: 1 | C4: 1e-08 | D4: 0 | E4: 1.92e-06 | F4: 1 | G4: =F4/B4 -> 1 | H4: 0.4832177
B5: 1 | C5: 1e-08 | D5: 1 | E5: 4.52e-06 | F5: 1 | G5: =F5/B5 -> 1 | H5: 0.2677945

Sheet Mode 1
B1: Processes | C1: Tolerances | D1: Function | E1: AverageTime | F1: Speedup | G1: Efficiency (%) | H1: Result | I1: Serial Result | J1: Validation Check
B2: 2 | C2: 1e-06 | D2: 0 | E2: 2.765e-05 | F2: =Mode0!$E$2/E2 -> 0.51103074 | G2: =F2/B2*100 -> 25.551537 | H2: 0.48321771 | I2: 0.4832177 | J2: =ABS(H2-I2) -> 7.7e-09
B3: 2 | C3: 1e-06 | D3: 1 | E3: 2.084e-05 | F3: =Mode0!$E$3/E3 -> 2.0359885 | G3: =F3/B3*100 -> 101.79942 | H3: 0.26779456 | I3: 0.26779452 | J3: =ABS(H3-I3) -> 4.62e-08
B4: 2 | C4: 1e-08 | D4: 0 | E4: 4.353e-05 | F4: =Mode0!$E$4/E4 -> 0.044107512 | G4: =F4/B4*100 -> 2.2053756 | H4: 0.4832177 | I4: 0.4832177 | J4: =ABS(H4-I4) -> 0
B5: 2 | C5: 1e-08 | D5: 1 | E5: 4.277e-05 | F5: =Mode0!$E$5/E5 -> 0.10568155 | G5: =F5/B5*100 -> 5.2840776 | H5: 0.26779451 | I5: 0.2677945 | J5: =ABS(H5-I5) -> 1.2e-09
B6: 4 | C6: 1e-06 | D6: 0 | E6: 9.14e-06 | F6: =Mode0!$E$2/E6 -> 1.5459519 | G6: =F6/B6*100 -> 38.648796 | H6: 0.48321771 | I6: 0.4832177 | J6: =ABS(H6-I6) -> 7.7e-09
B7: 4 | C7: 1e-06 | D7: 1 | E7: 1.179e-05 | F7: =Mode0!$E$3/E7 -> 3.5988126 | G7: =F7/B7*100 -> 89.970314 | H7: 0.26779456 | I7: 0.26779452 | J7: =ABS(H7-I7) -> 4.62e-08
B8: 4 | C8: 1e-08 | D8: 0 | E8: 1.741e-05 | F8: =Mode0!$E$4/E8 -> 0.11028145 | G8: =F8/B8*100 -> 2.7570362 | H8: 0.4832177 | I8: 0.4832177 | J8: =ABS(H8-I8) -> 0
B9: 4 | C9: 1e-08 | D9: 1 | E9: 2.966e-05 | F9: =Mode0!$E$5/E9 -> 0.1523938 | G9: =F9/B9*100 -> 3.8098449 | H9: 0.26779451 | I9: 0.2677945 | J9: =ABS(H9-I9) -> 1.2e-09
B10: 8 | C10: 1e-06 | D10: 0 | E10: 1.267e-05 | F10: =Mode0!$E$2/E10 -> 1.1152328 | G10: =F10/B10*100 -> 13.94041 | H10: 0.48321771 | I10: 0.4832177 | J10: =ABS(H10-I10) -> 7.7e-09
B11: 8 | C11: 1e-06 | D11: 1 | E11: 1.467e-05 | F11: =Mode0!$E$3/E11 -> 2.8922972 | G11: =F11/B11*100 -> 36.153715 | H11: 0.26779456 | I11: 0.26779452 | J11: =ABS(H11-I11) -> 4.62e-08
B12: 8 | C12: 1e-08 | D12: 0 | E12: 2.14e-05 | F12: =Mode0!$E$4/E12 -> 0.089719626 | G12: =F12/B12*100 -> 1.1214953 | H12: 0.4832177 | I12: 0.4832177 | J12: =ABS(H12-I12) -> 0
B13: 8 | C13: 1e-08 | D13: 1 | E13: 4.821e-05 | F13: =Mode0!$E$5/E13 -> 0.093756482 | G13: =F13/B13*100 -> 1.171956 | H13: 0.26779451 | I13: 0.2677945 | J13: =ABS(H13-I13) -> 1.2e-09
B14: 12 | C14: 1e-06 | D14: 0 | E14: 1.342e-05 | F14: =Mode0!$E$2/E14 -> 1.0529061 | G14: =F14/B14*100 -> 8.7742176 | H14: 0.48321771 | I14: 0.4832177 | J14: =ABS(H14-I14) -> 7.7e-09
B15: 12 | C15: 1e-06 | D15: 1 | E15: 2.343e-05 | F15: =Mode0!$E$3/E15 -> 1.8109262 | G15: =F15/B15*100 -> 15.091051 | H15: 0.26779456 | I15: 0.26779452 | J15: =ABS(H15-I15) -> 4.62e-08
B16: 12 | C16: 1e-08 | D16: 0 | E16: 2.317e-05 | F16: =Mode0!$E$4/E16 -> 0.082865775 | G16: =F16/B16*100 -> 0.69054812 | H16: 0.4832177 | I16: 0.4832177 | J16: =ABS(H16-I16) -> 0
B17: 12 | C17: 1e-08 | D17: 1 | E17: 4.541e-05 | F17: =Mode0!$E$5/E17 -> 0.099537547 | G17: =F17/B17*100 -> 0.82947956 | H17: 0.26779451 | I17: 0.2677945 | J17: =ABS(H17-I17) -> 1.2e-09
B18: 16 | C18: 1e-06 | D18: 0 | E18: 1.787e-05 | F18: =Mode0!$E$2/E18 -> 0.79071069 | G18: =F18/B18*100 -> 4.9419418 | H18: 0.48321771 | I18: 0.4832177 | J18: =ABS(H18-I18) -> 7.7e-09
B19: 16 | C19: 1e-06 | D19: 1 | E19: 3.2e-05 | F19: =Mode0!$E$3/E19 -> 1.3259375 | G19: =F19/B19*100 -> 8.2871094 | H19: 0.26779456 | I19: 0.26779452 | J19: =ABS(H19-I19) -> 4.62e-08
B20: 16 | C20: 1e-08 | D20: 0 | E20: 3.529e-05 | F20: =Mode0!$E$4/E20 -> 0.054406347 | G20: =F20/B20*100 -> 0.34003967 | H20: 0.4832177 | I20: 0.4832177 | J20: =ABS(H20-I20) -> 0
B21: 16 | C21: 1e-08 | D21: 1 | E21: 7.508e-05 | F21: =Mode0!$E$5/E21 -> 0.060202451 | G21: =F21/B21*100 -> 0.37626532 | H21: 0.26779451 | I21: 0.2677945 | J21: =ABS(H21-I21) -> 1.2e-09
F23: =Mode0!$E$3/E23 -> #DIV/0!
F24: =Mode0!$E$4/E24 -> #DIV/0!
F25: =Mode0!$E$5/E25 -> #DIV/0!

Sheet Mode 2
A1: Processes | B1: Threads | C1: Tolerances | D1: Function | E1: AverageTime | F1: Speedup | G1: Efficiency (%) | H1: Result | I1: Serial Result | J1: Validation Check
A2: 2 | B2: 4 | C2: 1e-06 | D2: 0 | E2: 4.273e-05 | F2: =Mode0!$E$2/E2 -> 0.33068102 | G2: =F2/B2*100 -> 8.2670255 | H2: 0.4832177 | I2: 0.4832177 | J2: =ABS(H2-I2) -> 3.0000002e-10
A3: 2 | B3: 4 | C3: 1e-06 | D3: 1 | E3: 4.519e-05 | F3: =Mode0!$E$3/E3 -> 0.93892454 | G3: =F3/B3*100 -> 23.473114 | H3: 0.2677946 | I3: 0.26779452 | J3: =ABS(H3-I3) -> 8.16e-08
A4: 2 | B4: 4 | C4: 1e-08 | D4: 0 | E4: 5.291e-05 | F4: =Mode0!$E$4/E4 -> 0.036288036 | G4: =F4/B4*100 -> 0.90720091 | H4: 0.4832177 | I4: 0.4832177 | J4: =ABS(H4-I4) -> 1.9999996e-10
A5: 2 | B5: 4 | C5: 1e-08 | D5: 1 | E5: 4.894e-05 | F5: =Mode0!$E$5/E5 -> 0.092357989 | G5: =F5/B5*100 -> 2.3089497 | H5: 0.26779451 | I5: 0.2677945 | J5: =ABS(H5-I5) -> 1e-09
A6: 4 | B6: 2 | C6: 1e-06 | D6: 0 | E6: 4.828e-05 | F6: =Mode0!$E$2/E6 -> 0.29266777 | G6: =F6/B6*100 -> 14.633389 | H6: 0.4832177 | I6: 0.4832177 | J6: =ABS(H6-I6) -> 3.0000002e-10
A7: 4 | B7: 2 | C7: 1e-06 | D7: 1 | E7: 4.827e-05 | F7: =Mode0!$E$3/E7 -> 0.87901388 | G7: =F7/B7*100 -> 43.950694 | H7: 0.2677946 | I7: 0.26779452 | J7: =ABS(H7-I7) -> 8.16e-08
A8: 4 | B8: 2 | C8: 1e-08 | D8: 0 | E8: 4.78e-05 | F8: =Mode0!$E$4/E8 -> 0.040167364 | G8: =F8/B8*100 -> 2.0083682 | H8: 0.4832177 | I8: 0.4832177 | J8: =ABS(H8-I8) -> 1.9999996e-10
A9: 4 | B9: 2 | C9: 1e-08 | D9: 1 | E9: 4.525e-05 | F9: =Mode0!$E$5/E9 -> 0.099889503 | G9: =F9/B9*100 -> 4.9944751 | H9: 0.26779451 | I9: 0.2677945 | J9: =ABS(H9-I9) -> 1e-09
A10: 4 | B10: 4 | C10: 1e-06 | D10: 0 | E10: 6.73e-05 | F10: =Mode0!$E$2/E10 -> 0.20995542 | G10: =F10/B10*100 -> 5.2488856 | H10: 0.4832177 | I10: 0.4832177 | J10: =ABS(H10-I10) -> 3.0000002e-10
A11: 4 | B11: 4 | C11: 1e-06 | D11: 1 | E11: 6.304e-05 | F11: =Mode0!$E$3/E11 -> 0.67306472 | G11: =F11/B11*100 -> 16.826618 | H11: 0.2677946 | I11: 0.26779452 | J11: =ABS(H11-I11) -> 8.16e-08
A12: 4 | B12: 4 | C12: 1e-08 | D12: 0 | E12: 6.749e-05 | F12: =Mode0!$E$4/E12 -> 0.028448659 | G12: =F12/B12*100 -> 0.71121648 | H12: 0.4832177 | I12: 0.4832177 | J12: =ABS(H12-I12) -> 1.9999996e-10
A13: 4 | B13: 4 | C13: 1e-08 | D13: 1 | E13: 5.874e-05 | F13: =Mode0!$E$5/E13 -> 0.076949268 | G13: =F13/B13*100 -> 1.9237317 | H13: 0.26779451 | I13: 0.2677945 | J13: =ABS(H13-I13) -> 1e-09
