Workbook

Sheet Comparison Graph
A1: Width | B1: Height | C1: Serial | D1: OpenMP | E1: MPI
A2: 1024 | B2: 1024 | C2: =Serial!H2 -> 0.00464422 | D2: =OpenMP!H6 -> 0.003000021 | E2: =MPI!I4 -> 0.01653072
A3: 1024 | B3: 1792 | C3: =Serial!H3 -> 0.00830782 | D3: =OpenMP!H12 -> 0.003999949 | E3: =MPI!I8 -> 0.02881178
A4: 1344 | B4: 2368 | C4: =Serial!H4 -> 0.0164196 | D4: =OpenMP!H18 -> 0.008000135 | E4: =MPI!I12 -> 0.05100302

Sheet Serial
A1: Width | B1: Height | C1: Time 1 | D1: Time 2 | E1: Time 3 | F1: Time 4 | G1: Time 5 | H1: AverageTime | I1: Speedup | J1: Efficiency (%)
A2: 1024 | B2: 1024 | C2: 0.0046152 | D2: 0.0046188 | E2: 0.0046486 | F2: 0.0047045 | G2: 0.004634 | H2: =SUM(C2:G2)/5 -> 0.00464422 | I2: 1 | J2: 1
A3: 1024 | B3: 1792 | C3: 0.0079857 | D3: 0.0084099 | E3: 0.008371 | F3: 0.0084865 | G3: 0.008286 | H3: =SUM(C3:G3)/5 -> 0.00830782 | I3: 1 | J3: 1
A4: 1344 | B4: 2368 | C4: 0.0163324 | D4: 0.0166723 | E4: 0.0163428 | F4: 0.016413 | G4: 0.0163375 | H4: =SUM(C4:G4)/5 -> 0.0164196 | I4: 1 | J4: 1

Sheet OpenMP
A1: Width | B1: Height | C1: # Of Threads | D1: Time 1 | E1: Time 2 | F1: Time 3 | G1: Time 4 | H1: Time 5 | I1: AverageTime | J1: Speedup | K1: Efficiency (%)
A2: 1024 | B2: 1024 | C2: 1 | D2: 0.01699996 | E2: 0.01699996 | F2: 0.01699996 | G2: 0.01699996 | H2: 0.017000198 | I2: =SUM(D2:H2)/5 -> 0.017000008 | J2: =Serial!$H$2/I2 -> 0.27318929 | K2: =J2/C2*100 -> 27.318929
A3: 1024 | B3: 1024 | C3: 2 | D3: 0.008999825 | E3: 0.009000063 | F3: 0.009000063 | G3: 0.009000063 | H3: 0.008000135 | I3: =SUM(D3:H3)/5 -> 0.0088000298 | J3: =Serial!$H$2/I3 -> 0.52775049 | K3: =J3/C3*100 -> 26.387524
A4: 1024 | B4: 1024 | C4: 4 | D4: 0.005000114 | E4: 0.003999949 | F4: 0.004999876 | G4: 0.004999876 | H4: 0.004999876 | I4: =SUM(D4:H4)/5 -> 0.0047999382 | J4: =Serial!$H$2/I4 -> 0.96755829 | K4: =J4/C4*100 -> 24.188957
A5: 1024 | B5: 1024 | C5: 8 | D5: 0.004000187 | E5: 0.003999949 | F5: 0.003000021 | G5: 0.003999949 | H5: 0.003000021 | I5: =SUM(D5:H5)/5 -> 0.0036000254 | J5: =Serial!$H$2/I5 -> 1.290052 | K5: =J5/C5*100 -> 16.12565
A6: 1024 | B6: 1024 | C6: 16 | D6: 0.001999855 | E6: 0.003999949 | F6: 0.003000021 | G6: 0.003000021 | H6: 0.003000021 | I6: =SUM(D6:H6)/5 -> 0.0029999734 | J6: =Serial!$H$2/I6 -> 1.5480871 | K6: =J6/C6*100 -> 9.6755441
A8: 1024 | B8: 1792 | C8: 1 | D8: 0.02999971 | E8: 0.02999971 | F8: 0.029000044 | G8: 0.029999971 | H8: 0.028000044 | I8: =SUM(D8:H8)/5 -> 0.029399896 | J8: =Serial!$H$3/I8 -> 0.28257991 | K8: =J8/C8*100 -> 28.257991
A9: 1024 | B9: 1792 | C9: 2 | D9: 0.016000032 | E9: 0.016000032 | F9: 0.013999939 | G9: 0.015000105 | H9: 0.015000105 | I9: =SUM(D9:H9)/5 -> 0.015200043 | J9: =Serial!$H$3/I9 -> 0.54656557 | K9: =J9/C9*100 -> 27.328279
A10: 1024 | B10: 1792 | C10: 4 | D10: 0.007000208 | E10: 0.008000135 | F10: 0.007999897 | G10: 0.007999897 | H10: 0.009000063 | I10: =SUM(D10:H10)/5 -> 0.00800004 | J10: =Serial!$H$3/I10 -> 1.0384723 | K10: =J10/C10*100 -> 25.961808
A11: 1024 | B11: 1792 | C11: 8 | D11: 0.00500014 | E11: 0.005999804 | F11: 0.006000042 | G11: 0.005999804 | H11: 0.004999876 | I11: =SUM(D11:H11)/5 -> 0.0055999332 | J11: =Serial!$H$3/I11 -> 1.483557 | K11: =J11/C11*100 -> 18.544462
A12: 1024 | B12: 1792 | C12: 16 | D12: 0.005000114 | E12: 0.003999949 | F12: 0.005000114 | G12: 0.004999876 | H12: 0.003999949 | I12: =SUM(D12:H12)/5 -> 0.0046000004 | J12: =Serial!$H$3/I12 -> 1.8060477 | K12: =J12/C12*100 -> 11.287798
A14: 1344 | B14: 2368 | C14: 1 | D14: 0.053999901 | E14: 0.053999901 | F14: 0.053999901 | G14: 0.052999973 | H14: 0.053999901 | I14: =SUM(D14:H14)/5 -> 0.053799915 | J14: =Serial!$H$4/I14 -> 0.30519751 | K14: =J14/C14*100 -> 30.519751
A15: 1344 | B15: 2368 | C15: 2 | D15: 0.02699995 | E15: 0.027999878 | F15: 0.026000023 | G15: 0.028000116 | H15: 0.027999878 | I15: =SUM(D15:H15)/5 -> 0.027399969 | J15: =Serial!$H$4/I15 -> 0.59925615 | K15: =J15/C15*100 -> 29.962808
A16: 1344 | B16: 2368 | C16: 4 | D16: 0.013999939 | E16: 0.013999939 | F16: 0.015000105 | G16: 0.013999939 | H16: 0.013999939 | I16: =SUM(D16:H16)/5 -> 0.014199972 | J16: =Serial!$H$4/I16 -> 1.1563121 | K16: =J16/C16*100 -> 28.907803
A17: 1344 | B17: 2368 | C17: 8 | D17: 0.00999999 | E17: 0.009000063 | F17: 0.010000229 | G17: 0.009000063 | H17: 0.008000135 | I17: =SUM(D17:H17)/5 -> 0.009200096 | J17: =Serial!$H$4/I17 -> 1.7847205 | K17: =J17/C17*100 -> 22.309006
A18: 1344 | B18: 2368 | C18: 16 | D18: 0.006000042 | E18: 0.006999969 | F18: 0.007000208 | G18: 0.007999897 | H18: 0.008000135 | I18: =SUM(D18:H18)/5 -> 0.0072000502 | J18: =Serial!$H$4/I18 -> 2.2804841 | K18: =J18/C18*100 -> 14.253026

Sheet MPI
A1: Width | B1: Height | C1: # Of Processors | D1: Time 1 | E1: Time 2 | F1: Time 3 | G1: Time 4 | H1: Time 5 | I1: AverageTime | J1: Speedup | K1: Efficiency (%)
A2: 1024 | B2: 1024 | C2: 1 | D2: 0.0631964 | E2: 0.0630913 | F2: 0.0633774 | G2: 0.0632598 | H2: 0.0630285 | I2: =SUM(D2:H2)/5 -> 0.06319068 | J2: =Serial!$H$2/I2 -> 0.073495332 | K2: =J2/C2*100 -> 7.3495332
A3: 1024 | B3: 1024 | C3: 2 | D3: 0.0319208 | E3: 0.0321842 | F3: 0.0319409 | G3: 0.0320698 | H3: 0.0324166 | I3: =SUM(D3:H3)/5 -> 0.03210646 | J3: =Serial!$H$2/I3 -> 0.14465064 | K3: =J3/C3*100 -> 7.232532
A4: 1024 | B4: 1024 | C4: 4 | D4: 0.017461 | E4: 0.016434 | F4: 0.0163663 | G4: 0.0164452 | H4: 0.0159471 | I4: =SUM(D4:H4)/5 -> 0.01653072 | J4: =Serial!$H$2/I4 -> 0.28094481 | K4: =J4/C4*100 -> 7.0236203
A6: 1024 | B6: 1792 | C6: 1 | D6: 0.1111302 | E6: 0.1114643 | F6: 0.1121479 | G6: 0.1121479 | H6: 0.119705 | I6: =SUM(D6:H6)/5 -> 0.11331906 | J6: =Serial!$H$2/I6 -> 0.040983573 | K6: =J6/C6*100 -> 4.0983573
A7: 1024 | B7: 1792 | C7: 2 | D7: 0.0559783 | E7: 0.0568032 | F7: 0.0560856 | G7: 0.056162 | H7: 0.0558771 | I7: =SUM(D7:H7)/5 -> 0.05618124 | J7: =Serial!$H$2/I7 -> 0.082664961 | K7: =J7/C7*100 -> 4.133248
A8: 1024 | B8: 1792 | C8: 4 | D8: 0.0287922 | E8: 0.0292852 | F8: 0.0288978 | G8: 0.0286539 | H8: 0.0284298 | I8: =SUM(D8:H8)/5 -> 0.02881178 | J8: =Serial!$H$2/I8 -> 0.16119171 | K8: =J8/C8*100 -> 4.0297927
A10: 1344 | B10: 2368 | C10: 1 | D10: 0.1967378 | E10: 0.1975036 | F10: 0.1980842 | G10: 0.1975172 | H10: 0.1976324 | I10: =SUM(D10:H10)/5 -> 0.19749504 | J10: =Serial!$H$2/I10 -> 0.023515629 | K10: =J10/C10*100 -> 2.3515629
A11: 1344 | B11: 2368 | C11: 2 | D11: 0.0997557 | E11: 0.0993166 | F11: 0.0992345 | G11: 0.1041772 | H11: 0.1092525 | I11: =SUM(D11:H11)/5 -> 0.1023473 | J11: =Serial!$H$2/I11 -> 0.045377064 | K11: =J11/C11*100 -> 2.2688532
A12: 1344 | B12: 2368 | C12: 4 | D12: 0.0512044 | E12: 0.0512196 | F12: 0.05034 | G12: 0.0509191 | H12: 0.051332 | I12: =SUM(D12:H12)/5 -> 0.05100302 | J12: =Serial!$H$2/I12 -> 0.091057745 | K12: =J12/C12*100 -> 2.2764436
